Video Poker Keywords,Category,Target Difficulty,Volume (Est)
video poker,Core,Hard,300k
free video poker,Core,Medium,150k
video poker online,Core,Hard,110k
video poker strategy,Strategy,Medium,40k
jacks or better,Game,Medium,90k
jacks or better strategy,Strategy,Medium,15k
jacks or better 9/6 vs 8/5,Comparison,Easy,2k
deuces wild video poker,Game,Medium,60k
bonus poker,Game,Medium,45k
double bonus poker,Game,Medium,35k
double double bonus poker,Game,Medium,40k
video poker rules,Rules,Easy,25k
how to play video poker,Rules,Easy,30k
video poker odds,Strategy,Medium,15k
video poker payout table,Rules,Easy,10k
video poker trainer,Tools,Medium,12k
video poker calculator,Tools,Easy,8k
best video poker games,Core,Medium,18k
video poker for beginners,Rules,Easy,5k
las vegas video poker,Scene,Medium,22k
mobile video poker,Scene,Easy,9k
no download video poker,Scene,Easy,11k
video poker real money vs free,Comparison,Easy,3k
royal flush odds video poker,Strategy,Easy,4k
perfect video poker strategy,Strategy,Medium,2k
video poker variations,Game,Easy,1.5k
video poker bonus codes,Scene,Medium,6k
play 2048 video poker,Niche,Easy,1k
cardgames.io video poker,Brand,Hard,50k
247 video poker,Brand,Hard,40k
video poker near me,Local,Medium,15k
atlantic city video poker,Local,Medium,8k
reno video poker guide,Local,Easy,4k
macau video poker rooms,Local,Easy,2k
best video poker in london,Local,Easy,1k
jacks or better trainer free,Tool,Medium,5k
deuces wild strategy calculator,Tool,Easy,3k
double bonus poker practice,Tool,Medium,4k
video poker app for iphone,Mobile,Medium,12k
best android video poker apps,Mobile,Medium,10k
video poker offline apk,Mobile,Easy,6k
video poker odds vs slots,Comparison,Medium,18k
video poker vs blackjack house edge,Comparison,Medium,15k
why video poker is better than slots,Comparison,Easy,7k
is video poker skill or luck,Concept,Medium,25k
video poker rng explained,Concept,Easy,5k
history of video poker machines,History,Easy,3k
sircoma video poker history,History,Easy,1k
video poker for seniors,Niche,Easy,2k
video poker for math geeks,Niche,Easy,1.5k
low stakes video poker online,Niche,Easy,4k
high limit video poker vegas,Niche,Medium,3k
video poker tournament strategy,Strategy,Medium,6k
how to win video poker daily,Strategy,Hard,20k
progressive video poker strategy,Strategy,Medium,5k
multi hand video poker tips,Strategy,Medium,8k
ultimate x video poker strategy,Game,Medium,15k
super star poker strategy,Game,Medium,10k
spin poker strategy guide,Game,Easy,4k
quick quads video poker rules,Game,Easy,3k
dream card video poker odds,Game,Easy,2k
video poker hand analyzer online,Tool,Medium,4k
video poker pro trainer reviews,Review,Easy,2k
bob dancer daily strategies,Expert,Medium,5k
wizard of odds video poker tips,Expert,Hard,15k
video poker forum las vegas,Community,Medium,10k
reddit video poker community,Community,Medium,12k
video poker strategy cards printable,Asset,Medium,8k
jacks or better cheat sheet,Asset,Easy,5k
deuces wild cheat sheet free,Asset,Easy,3k
video poker bankroll management,Finance,Medium,10k
tax on video poker winnings,Finance,Easy,6k
video poker club card benefits,Finance,Easy,4k
how to get free rooms video poker,Comps,Medium,15k
best casinos for video poker comps,Comps,Medium,12k
video poker for travelers,Lifestyle,Easy,2k
professional video poker player life,Lifestyle,Medium,5k
is video poker beatable in 2026,Opinion,Medium,8k
future of video poker machines,Opinion,Easy,2k
ai video poker solver 2026,Tech,Medium,3k
video poker source code javascript,Tech,Easy,1k
build your own video poker game,Tech,Easy,1.5k
video poker strategy for 10/7 double bonus,Strategy,Easy,2k
video poker strategy for 8/5 jacks or better,Strategy,Easy,4k
video poker strategy for 9/5 triple bonus,Strategy,Easy,1k
video poker etiquette for beginners,Etiquette,Easy,2k
smoking in video poker bars vegas,Local,Easy,3k
video poker near airport vegas,Local,Medium,5k
best video poker at south point,Local,Medium,4k
best video poker at red rock,Local,Medium,3k
video poker strategy for full pay deuces wild,Strategy,Medium,5k
video poker strategy for loose deuces,Strategy,Easy,2k
video poker strategy for sevens wild,Strategy,Easy,2k
video poker strategy for joker poker kings or better,Strategy,Easy,3k
video poker strategy for all american,Strategy,Easy,2k
video poker strategy for white hot aces,Strategy,Easy,1k
video poker strategy for super aces,Strategy,Easy,1k
video poker strategy for double double bonus plus,Strategy,Easy,1.5k
video poker strategy for triple double bonus plus,Strategy,Easy,1k
video poker strategy for bonus poker deluxe,Strategy,Easy,2k
EOF
